{"data_time": 0.004377022999506153, "eta_seconds": 10384.106713679721, "iteration": 19, "loss_box_reg": 1.2177573442459106, "loss_cls": 3.1156136989593506, "lr": 1.60675e-05, "num_pos_anchors": 8043.0, "rank_data_time": 0.004377022999506153, "time": 37.086095405999004, "total_loss": 4.311997056007385}
{"data_time": 0.004588445000081265, "eta_seconds": 9615.12938944994, "iteration": 39, "loss_box_reg": 0.7060239613056183, "loss_cls": 0.9377383589744568, "lr": 3.2717500000000007e-05, "num_pos_anchors": 7875.0, "rank_data_time": 0.004588445000081265, "time": 32.85242384000048, "total_loss": 1.63011834025383}
{"data_time": 0.004699354999502248, "eta_seconds": 8563.728538559808, "iteration": 59, "loss_box_reg": 0.6956352591514587, "loss_cls": 0.5263097286224365, "lr": 4.93675e-05, "num_pos_anchors": 8062.75, "rank_data_time": 0.004699354999502248, "time": 30.928494929001317, "total_loss": 1.1880746185779572}
{"data_time": 0.004863635999754479, "eta_seconds": 7951.774977849818, "iteration": 79, "loss_box_reg": 0.6431252956390381, "loss_cls": 0.34633760154247284, "lr": 6.60175e-05, "num_pos_anchors": 7797.25, "rank_data_time": 0.004863635999754479, "time": 38.421631457999865, "total_loss": 0.9686916470527649}
{"data_time": 0.0036864499998046085, "eta_seconds": 7194.201961699946, "iteration": 99, "loss_box_reg": 0.6517088413238525, "loss_cls": 0.29423660039901733, "lr": 8.266750000000001e-05, "num_pos_anchors": 8021.75, "rank_data_time": 0.0036864499998046085, "time": 33.306431920999785, "total_loss": 0.9474265575408936}
{"data_time": 0.0030295679989649216, "eta_seconds": 6440.747489550013, "iteration": 119, "loss_box_reg": 0.6481077671051025, "loss_cls": 0.2893238961696625, "lr": 9.93175e-05, "num_pos_anchors": 8125.25, "rank_data_time": 0.0030295679989649216, "time": 35.22857675799969, "total_loss": 0.9236814975738525}
{"data_time": 0.00553690450033173, "eta_seconds": 5725.108879600011, "iteration": 139, "loss_box_reg": 0.6157403588294983, "loss_cls": 0.26988184452056885, "lr": 0.0001159675, "num_pos_anchors": 8182.75, "rank_data_time": 0.00553690450033173, "time": 34.84907532099987, "total_loss": 0.8745338618755341}
{"data_time": 0.003724156000316725, "eta_seconds": 5176.678435039921, "iteration": 159, "loss_box_reg": 0.6220043897628784, "loss_cls": 0.2644082307815552, "lr": 0.0001326175, "num_pos_anchors": 8380.0, "rank_data_time": 0.003724156000316725, "time": 41.815874211000846, "total_loss": 0.8729890584945679}
{"data_time": 0.005131000001711072, "eta_seconds": 4434.479975939976, "iteration": 179, "loss_box_reg": 0.6351587176322937, "loss_cls": 0.24785950779914856, "lr": 0.0001492675, "num_pos_anchors": 7731.5, "rank_data_time": 0.005131000001711072, "time": 36.9539997994998, "total_loss": 0.8689803779125214}
{"data_time": 0.004746243999761646, "eta_seconds": 3723.123174899956, "iteration": 199, "loss_box_reg": 0.592399388551712, "loss_cls": 0.25251153111457825, "lr": 0.0001659175, "num_pos_anchors": 8269.75, "rank_data_time": 0.004746243999761646, "time": 41.83065795550101, "total_loss": 0.8522381037473679}
{"data_time": 0.004343440499724238, "eta_seconds": 3044.819779840036, "iteration": 219, "loss_box_reg": 0.5776098966598511, "loss_cls": 0.2440611720085144, "lr": 0.0001825675, "num_pos_anchors": 8088.25, "rank_data_time": 0.004343440499724238, "time": 41.366852655499315, "total_loss": 0.8252837806940079}
{"data_time": 0.004214652499285876, "eta_seconds": 2315.5883687999994, "iteration": 239, "loss_box_reg": 0.602003425359726, "loss_cls": 0.24459877610206604, "lr": 0.0001992175, "num_pos_anchors": 8367.25, "rank_data_time": 0.004214652499285876, "time": 41.676275222000186, "total_loss": 0.8491965234279633}
{"data_time": 0.005354977500246605, "eta_seconds": 1559.7023334200276, "iteration": 259, "loss_box_reg": 0.598543256521225, "loss_cls": 0.23309226334095, "lr": 0.0002158675, "num_pos_anchors": 8267.0, "rank_data_time": 0.005354977500246605, "time": 44.001795676000256, "total_loss": 0.8341379091143608}
{"data_time": 0.005440053000711487, "eta_seconds": 782.1008793400142, "iteration": 279, "loss_box_reg": 0.5619851350784302, "loss_cls": 0.22436068207025528, "lr": 0.00023251750000000002, "num_pos_anchors": 8218.5, "rank_data_time": 0.005440053000711487, "time": 46.08084383300047, "total_loss": 0.7854392752051353}
{"data_time": 0.0038806155007478083, "eta_seconds": 0.0, "iteration": 299, "loss_box_reg": 0.6012530028820038, "loss_cls": 0.2441127970814705, "lr": 0.0002491675, "num_pos_anchors": 8113.75, "rank_data_time": 0.0038806155007478083, "time": 32.827866144001746, "total_loss": 0.8453657999634743}
