{"data_time": 0.006241687500732951, "eta_seconds": 1624.1596401800052, "iteration": 19, "loss_box_reg": 1.231727421283722, "loss_cls": 1.9697933197021484, "lr": 7.93375e-05, "num_pos_anchors": 8196.25, "rank_data_time": 0.006241687500732951, "time": 40.60399100450013, "total_loss": 3.416466176509857}
{"data_time": 0.005377618996135425, "eta_seconds": 840.5674996400194, "iteration": 39, "loss_box_reg": 0.6731698215007782, "loss_cls": 0.35750481486320496, "lr": 0.0001625875, "num_pos_anchors": 8206.75, "rank_data_time": 0.005377618996135425, "time": 43.64456676699774, "total_loss": 1.0378855168819427}
{"data_time": 0.0060853655013488606, "eta_seconds": 0.0, "iteration": 59, "loss_box_reg": 0.6160805225372314, "loss_cls": 0.2918146252632141, "lr": 0.0002458375, "num_pos_anchors": 8287.5, "rank_data_time": 0.0060853655013488606, "time": 39.698235642994405, "total_loss": 0.8958677351474762}
